displayName,tag,joined,premium
bigg’45,bigg45,2024-09-12 10:04:42,Not boosted yet 
f1scord,f1scord,2023-07-27 09:36:44,Not boosted yet 
A Grain Of Floor Rice,floorrice,2023-06-22 09:24:00,Not boosted yet 
mysia,vermysia,2024-09-23 10:38:58,Not boosted yet 
echo falls,echofalls,2024-04-20 18:53:19,Not boosted yet 
J1mmyEgg,j1mmyegg,2023-04-25 10:39:19,Not boosted yet 
LazyTurtle,lazyturtle7398,2024-10-15 12:45:11,Not boosted yet 
Ted,fret.ted,2023-09-18 13:28:35,Not boosted yet 
Faber,faber3396,2021-02-26 14:19:43,Not boosted yet 
Doxah,doxah,2024-09-18 16:49:27,Not boosted yet 
kyamilemhm,kyamilemhm,2023-01-23 15:12:15,Not boosted yet 
✩࿐࿔ 𝑀𝒶𝓎,maylaee,2022-10-04 17:05:16,Not boosted yet 
m o t h,mvth_ghvst,2024-10-09 09:12:49,Not boosted yet 
Shio,shiogus,2022-09-20 09:09:59,Not boosted yet 
F0RCHK,forchik,2023-06-26 18:12:10,Not boosted yet 
Arjanos,arjanos6876,2021-05-01 08:58:58,Not boosted yet 
VITUBA,vituba,2024-09-16 16:31:27,Not boosted yet 
Mareno I Yolodude333,marenoiyolodude333,2023-12-04 12:50:21,Not boosted yet 
Luca076,luca076,2021-01-31 12:50:25,Not boosted yet 
Random,randomnf,2023-05-23 18:06:53,Not boosted yet 
missvickster,missvickster,2024-09-19 12:24:58,Not boosted yet 
stefanbru9,stefanbru9,2024-05-14 10:28:37,Not boosted yet 
Soredbrain,soredbrain,2022-04-25 18:10:32,Not boosted yet 
SharkDJ,userjuan,2022-10-06 10:27:56,Not boosted yet 
Luuk.degraaf,luuk.degraaf,2021-01-12 08:29:45,Not boosted yet 
Jarro,jarro_073,2023-07-27 09:41:29,Not boosted yet 
Milan,milan017821,2023-12-12 15:29:20,Not boosted yet 
Alan.buas,alan.buas,2024-09-02 08:51:39,Not boosted yet 
Rambo,rami7007,2024-09-03 19:56:06,Not boosted yet 
TheJellyMan,thejellyman.,2023-04-18 00:16:41,Not boosted yet 
Nillo,nillo_bee,2024-05-24 17:51:18,Not boosted yet 
Script,tescr1pt,2022-12-03 23:50:15,Not boosted yet 
assassins 1,assassins11426,2021-01-11 17:30:26,Not boosted yet 
DAnny,da_nny0,2024-10-16 18:40:44,Not boosted yet 
nereceb,nereceb,2022-11-29 13:19:56,Not boosted yet 
Ravio,ravio30,2022-11-29 17:52:28,Not boosted yet 
Dezo,dezozx,2023-09-04 11:00:35,Not boosted yet 
Apawlogies,apawlogies,2024-09-16 16:29:00,Not boosted yet 
Drummy,drumster,2024-09-23 15:58:09,Not boosted yet 
Luciano,ctrl.luci,2023-08-23 19:17:24,Not boosted yet 
TPDYNastyLive,tpdynastylive,2023-01-19 16:36:24,Not boosted yet 
timcarrot,timcarrot,2022-11-29 17:25:26,Not boosted yet 
myga,myga,2022-11-07 22:54:59,Not boosted yet 
Jinnn ツ゚,jinnn.2x,2022-09-19 13:53:06,Not boosted yet 
terrorist,mrx1a_,2023-07-13 15:48:11,Not boosted yet 
udeyy,udeyy,2023-04-01 15:16:43,Not boosted yet 
Guardians Quickplay,Guardians Quickplay#7593,2024-05-13 10:11:03,Not boosted yet 
Tasus1337,tasus.,2024-01-24 11:33:55,Not boosted yet 
Jessey Cool,jesseycool,2024-09-18 17:56:30,Not boosted yet 
Pipkadoodles,pipkadoodles,2022-10-06 10:31:10,Not boosted yet 
giulia2307,giulia2307,2023-06-22 09:24:20,Not boosted yet 
Praedyn,praedyn,2021-04-13 12:44:35,Not boosted yet 
Dylano,dylanovis,2023-11-20 17:32:05,Not boosted yet 
uberderp,uberderp,2022-09-20 09:09:01,Not boosted yet 
drmmy,drmmy,2024-09-11 10:44:25,Not boosted yet 
MrPlenty,tijnlegierse,2023-11-09 17:09:16,Not boosted yet 
Zycher,_zycher,2021-01-04 11:33:03,Not boosted yet 
Shachi,shachi.,2024-08-02 22:24:03,Not boosted yet 
Applerage,applerage,2022-11-15 23:26:00,Not boosted yet 
CoalMees,coalmees,2024-01-19 09:10:07,Not boosted yet 
Baitr,baitr,2023-05-01 19:45:58,Not boosted yet 
Braska,brraska,2023-04-24 11:10:28,Not boosted yet 
Buckie,buckieblu,2023-11-09 20:12:38,Not boosted yet 
Chef Shield,shieldmeister,2023-09-22 08:24:38,Not boosted yet 
Stefano010,stefano010.,2021-04-30 10:47:17,Not boosted yet 
mel,gcfmel,2023-10-24 08:36:24,Not boosted yet 
! Slayyer,slayyer1352,2024-01-24 15:59:14,Not boosted yet 
Joehitman,joehitman,2023-09-01 09:12:36,Not boosted yet 
MickRoss,chapbilluh,2023-02-14 15:49:51,Not boosted yet 
Afterdude,after_dude,2023-09-04 11:03:35,Not boosted yet 
Izzy,skylinesimp,2024-04-15 10:34:48,Not boosted yet 
Wiebe_Liberty,wiebe_liberty,2023-09-01 19:30:32,Not boosted yet 
Knuppelaer,knuppeltje_daims,2023-12-12 15:35:57,Not boosted yet 
jjorijn,jjorijn,2023-11-30 08:48:10,Not boosted yet 
MR_,mr_,2023-05-22 13:03:50,Not boosted yet 
Ekaterina Uzunova,kvartala,2022-05-11 08:47:17,Not boosted yet 
coolegammer,coolegammer,2024-01-24 13:54:36,Not boosted yet 
emperorian,emperorian_,2023-03-05 17:35:44,Not boosted yet 
3xotic,3xotic__,2023-06-27 12:35:34,Not boosted yet 
Hataro,.hataro.,2024-02-27 23:50:08,Not boosted yet 
Roppo,robbie076,2023-10-14 16:42:57,Not boosted yet 
Jesse,dutchboycasts,2022-10-06 16:40:36,Not boosted yet 
seabee,seabeee,2023-09-06 08:34:28,Not boosted yet 
N3WO,thebackwards_owen,2022-09-19 10:48:19,Not boosted yet 
♱ ~ 𝒜 𝓀 𝒾 𝓃 𝒶 ~ ♱,akina5670,2024-01-22 07:31:19,Not boosted yet 
Tristan,tristan.01,2023-09-14 11:19:40,Not boosted yet 
Pekidelion,pekidelion,2023-03-23 16:39:23,Not boosted yet 
SyonHTrick,syonhtrick,2022-10-04 19:38:43,Not boosted yet 
Rini ♡,rini089,2023-10-03 13:54:50,2024-04-25 17:34:23.418Z
Ayiden,endroine,2022-10-13 01:07:57,Not boosted yet 
Symmka,symmka,2024-09-05 20:47:06,Not boosted yet 
SanGuinE,__sanguine__,2024-08-30 14:42:57,Not boosted yet 
Rumble Royale,Rumble Royale#6012,2024-09-20 13:26:18,Not boosted yet 
Kaizo,kaizokaizen,2023-09-02 15:13:18,Not boosted yet 
moana,moana6238,2022-10-06 13:45:15,Not boosted yet 
Nivalle,nivalle,2022-07-08 14:32:04,Not boosted yet 
Diego,_deigo_,2023-09-01 09:12:38,Not boosted yet 
Dennis,phylelitas,2023-07-24 14:12:36,Not boosted yet 
bobo_bobkata,bobo_bobkata,2022-09-16 17:11:15,Not boosted yet 
Boaz,boazskater,2024-05-24 05:50:24,Not boosted yet 
Beasty,thelilbeasty,2023-09-11 09:07:14,Not boosted yet 
amaan,amaaaaaaan,2024-10-24 13:13:08,Not boosted yet 
Octoto🐙,octoto,2023-11-16 17:02:28,Not boosted yet 
Jordan31,brjordan31,2023-03-08 13:17:21,Not boosted yet 
Yublade,.tommies,2024-05-23 16:33:51,Not boosted yet 
Zoltan Batho G,zoltanbathog_81204,2024-07-10 08:56:08,Not boosted yet 
juul,juuuull,2023-08-05 19:28:57,Not boosted yet 
Vyrlenta,vyrlenta,2022-10-11 14:59:57,Not boosted yet 
Donny - Next Level Esports,donnynextlevelesports,2023-03-28 08:33:33,Not boosted yet 
Nobu,nootnobu,2023-10-24 12:09:58,Not boosted yet 
AdamBotV1.6,adamsch,2024-09-16 16:40:32,Not boosted yet 
Arrownymouse,arrownymouse,2024-10-25 16:26:06,Not boosted yet 
Freedom,fr46d0m,2023-04-11 09:11:31,Not boosted yet 
mayberapptor,mayberapptor,2023-09-04 12:16:05,Not boosted yet 
voodoo,e.voodoo,2023-10-06 10:51:59,Not boosted yet 
Mittwochsberliner,mittwochsberliner,2024-10-03 17:54:08,Not boosted yet 
Razoride,razoride,2023-09-12 14:20:53,Not boosted yet 
BulmaBlaze,bulmablaze,2022-11-15 13:10:54,Not boosted yet 
Zozonias,zozonias,2023-06-29 16:36:26,Not boosted yet 
Sinitsa,.sinitsa,2021-01-07 15:34:58,Not boosted yet 
Dootch,dootch,2024-10-19 21:35:51,Not boosted yet 
Espacio™,espacio1337,2023-06-22 09:43:27,Not boosted yet 
TacoShack,TacoShack#6998,2024-09-20 13:04:00,Not boosted yet 
Chicken,welyang,2024-10-16 20:41:55,Not boosted yet 
Matu,i_am_matu,2024-04-28 20:02:01,2024-11-05 21:54:22.775Z
ItIsIThomas,itisithomas,2023-03-27 17:02:22,Not boosted yet 
Andi,andi.m11_00833,2024-06-08 19:38:16,Not boosted yet 
ShadowBladeMW,shadowblademw,2022-10-16 11:03:15,Not boosted yet 
Yoko_Loko,yoko_loko,2023-04-13 17:47:01,Not boosted yet 
Tim_L,timmiii115,2024-02-12 21:16:41,Not boosted yet 
Nikolaief,nikolaief,2023-02-17 12:55:41,Not boosted yet 
DenHahnGames,denhahngames,2022-10-20 07:51:17,Not boosted yet 
Brent Peterson,katoenplukker._,2021-01-12 18:21:29,Not boosted yet 
LucaResende,lucaresende_,2023-03-01 13:41:35,Not boosted yet 
Tom,tom.oo,2023-06-23 10:44:58,Not boosted yet 
PerfectStorm,perfectstorm_62715,2023-11-23 13:54:45,Not boosted yet 
Nightzy,nightzy,2022-11-25 11:38:44,Not boosted yet 
Siszem,siszem,2024-04-26 17:43:26,Not boosted yet 
Renzelaar,renzelaar,2024-05-23 16:33:44,Not boosted yet 
MrBronchik,mrbronchik,2023-09-01 08:23:40,Not boosted yet 
revoltofficial,revoltofficial,2022-12-12 14:28:05,Not boosted yet 
stain,stain7203,2024-09-30 17:34:42,Not boosted yet 
yooni,yoonfi,2024-09-09 09:21:47,Not boosted yet 
Ana F.💕,anaaaa.17,2024-09-27 19:43:52,Not boosted yet 
gilly :),gloeiii,2023-12-13 17:25:19,Not boosted yet 
Adani076,adani076,2023-06-30 13:56:01,Not boosted yet 
Maurodevree_,maurodevree_,2021-01-14 15:12:12,Not boosted yet 
Fortnite,drconners,2024-01-15 09:09:22,Not boosted yet 
LottaHosho,lotta9980,2022-10-18 13:10:25,Not boosted yet 
Mevin Keijers,mevinkeijers,2021-01-14 18:46:23,Not boosted yet 
Cheef beef,cheef_beef69,2023-05-16 12:39:25,Not boosted yet 
bramsmidt_,bramsmidt,2024-04-20 18:25:37,Not boosted yet 
TrasherKira,trasherkira,2024-02-22 19:19:54,Not boosted yet 
LOLCOOL2000,pietie2000,2024-05-24 18:04:08,Not boosted yet 
Milkchocholate_e,milkchocholate_e,2024-11-01 13:08:13,Not boosted yet 
dark_silja,dark_silja,2022-12-01 12:21:18,Not boosted yet 
Ezeneth,ezeneth,2024-09-20 10:43:51,Not boosted yet 
Dyreo,dyreo,2022-11-17 15:13:57,Not boosted yet 
bluegy,bluegy,2022-05-12 01:48:00,Not boosted yet 
Plamen,tamigoo,2022-12-15 14:13:22,Not boosted yet 
ZeusTheWolf,rexthehusky,2023-11-22 12:29:27,Not boosted yet 
Actually Tino,actuallytino,2022-12-15 14:15:48,Not boosted yet 
notmadonna,notmadonna,2023-04-26 12:45:06,Not boosted yet 
shreycat ♡,shreycat,2023-12-12 15:04:56,Not boosted yet 
omi,omibomi,2023-09-04 11:14:25,Not boosted yet 
Mick,mick8833,2023-07-03 11:47:09,Not boosted yet 
Ruben,arameria,2024-04-17 13:10:49,Not boosted yet 
Ml2027,ml2027_38201,2023-12-04 12:54:50,Not boosted yet 
Saber,luciusredhand,2023-10-12 18:11:11,Not boosted yet 
Tourney Bot,Tourney Bot#2027,2024-07-04 07:44:10,Not boosted yet 
Amarok_Alpha01 / Marc,amarok_alpha01,2023-12-12 17:41:11,Not boosted yet 
Boppo,boppo2,2023-06-22 09:43:28,Not boosted yet 
Acryn,acryn,2023-09-01 09:00:54,Not boosted yet 
StenG,.steng,2023-11-22 17:04:45,Not boosted yet 
Rimusuki,.rimusuki,2021-01-10 19:18:29,Not boosted yet 
Haywire,heyhaywire,2024-10-31 17:13:22,Not boosted yet 
Jellymustache,jellymustache,2023-04-01 15:13:11,Not boosted yet 
mCon B33N,mconb33n,2021-01-07 15:29:13,Not boosted yet 
Emir,emir2001,2023-05-21 14:27:23,Not boosted yet 
Jovian,jovian97,2024-05-05 18:10:50,Not boosted yet 
julii,julii7,2023-09-10 22:23:22,Not boosted yet 
skyez,skyez9515,2021-01-04 10:38:28,Not boosted yet 
Pacha,jappachano,2023-05-12 19:41:13,Not boosted yet 
Misteryx09,misteryx09,2021-01-05 12:35:02,Not boosted yet 
Lyncxe,lyncxe,2024-08-08 21:02:41,Not boosted yet 
Bas (Bas),kaal_en_blind,2021-01-05 10:51:41,Not boosted yet 
BellyMustache,bellymustache,2023-12-01 13:52:33,Not boosted yet 
charlientje,charlientje,2022-04-25 12:21:26,Not boosted yet 
Owakkah,owakkah,2021-01-07 16:25:30,Not boosted yet 
Vladoman,vladoman,2022-11-11 12:11:34,Not boosted yet 
CoffeeAddict,coffeeaddict13,2024-02-29 12:06:00,Not boosted yet 
Bobby,bobby.,2024-10-04 08:09:13,Not boosted yet 
Sten,stenkovic,2023-03-01 11:50:26,Not boosted yet 
iurgi,iurgi26,2022-10-12 13:29:07,Not boosted yet 
Sies,sies8922,2022-07-08 14:21:26,Not boosted yet 
fishy,blopvis,2024-08-29 11:10:31,Not boosted yet 
Fink,fink885,2022-11-09 14:54:59,Not boosted yet 
Simply,simpplyy,2022-09-17 07:15:36,Not boosted yet 
lilzaika.,lilzaika.,2022-09-16 17:41:14,Not boosted yet 
UltraPower10,ultrapower10,2024-09-23 12:18:29,Not boosted yet 
IAIA,gayaxx,2024-08-02 17:28:25,Not boosted yet 
MAZI,boogey_mazi,2023-09-13 12:11:44,Not boosted yet 
Kastelam,kastelam,2023-10-14 18:32:41,Not boosted yet 
Skinny Willy,arisen45,2023-05-15 13:52:09,Not boosted yet 
Haastige_Jelle,haasige_jelle,2023-10-09 11:30:06,Not boosted yet 
milan,mjdr,2024-09-11 13:23:27,Not boosted yet 
Łars,srals,2024-01-06 16:46:46,Not boosted yet 
Æther,skywolfski,2024-10-09 09:14:51,Not boosted yet 
demonlait,demonlait,2023-12-14 13:15:50,Not boosted yet 
Gikster007,gikster007,2023-10-06 06:14:35,Not boosted yet 
maxim berger,maximberger,2024-02-09 13:59:33,Not boosted yet 
cheddy,cheddyxd,2023-04-11 16:34:20,Not boosted yet 
LucaK99,lucak99.,2022-12-14 13:46:17,Not boosted yet 
CraftyCheddar,craftycheddar,2024-06-25 09:46:46,Not boosted yet 
Tsuyu,hyumeku,2023-01-11 16:11:45,Not boosted yet 
panolev,panolev,2021-01-11 20:27:30,Not boosted yet 
_arahabaki_,_arahabaki_22,2024-10-09 08:12:20,Not boosted yet 
Conius,yeet7095,2022-10-04 07:54:11,Not boosted yet 
Bardicus,bardicus,2024-03-07 14:15:31,Not boosted yet 
紫,bad.vibesss,2023-10-26 19:11:05,Not boosted yet 
glup,glup69,2024-01-12 09:00:57,Not boosted yet 
Erwin Biere,pixelsrealm,2023-10-20 14:12:00,Not boosted yet 
Gevous,gevous,2023-12-01 19:07:02,Not boosted yet 
bluejocker,bluejocker,2024-09-11 13:52:47,Not boosted yet 
Freezy,freezy_235,2023-05-17 13:40:03,Not boosted yet 
Minecraft,Minecraft#8784,2024-06-06 14:27:11,Not boosted yet 
Bitterig,bitterig,2023-07-03 11:46:57,Not boosted yet 
Yυɴø,slaveforxiao,2023-07-23 12:26:04,Not boosted yet 
Jesse Hoogerman,jessehoogerman,2023-08-27 21:29:49,Not boosted yet 
The Ripper,theripper2004,2024-09-29 17:43:34,Not boosted yet 
The Spooky Spooky Paparus,veith546,2024-05-31 11:36:08,Not boosted yet 
EclipzZzZ,eclipzzzz,2022-12-09 11:55:31,Not boosted yet 
Aaron_77,.aaron_77,2021-01-08 11:52:04,Not boosted yet 
FrostyNight,frostynight,2024-09-23 12:56:41,Not boosted yet 
Ssnickyy,justaviber,2023-06-22 20:56:38,Not boosted yet 
nest0ne,nest0ne,2023-09-06 09:31:01,Not boosted yet 
oomfie,o0mfi3,2024-09-23 12:53:16,Not boosted yet 
Параноик,kexibq8484,2024-10-09 15:36:55,Not boosted yet 
Dengazi,dengazi,2023-06-04 17:49:25,Not boosted yet 
alucard,aluucart,2022-10-04 19:38:25,Not boosted yet 
AzuNiteZero,azunitezero,2022-10-05 14:15:54,Not boosted yet 
DumyTrueKing,dumytrueking,2023-05-23 15:22:07,Not boosted yet 
Plague,plagueboy420,2023-03-15 19:26:19,Not boosted yet 
Mikaatje,mikaatje_,2023-02-20 11:48:48,Not boosted yet 
Stoefel,stoefel,2023-06-28 20:37:01,Not boosted yet 
Balloonfire,balloonfire,2024-09-12 13:43:18,Not boosted yet 
JackieShan,jackieshan,2022-12-02 11:16:43,Not boosted yet 
Groenteführer,groentefuhrer,2022-10-05 14:42:41,Not boosted yet 
Ξ℃卄Ø ツ,echo_92,2022-10-09 12:38:45,Not boosted yet 
Alsynth,alsynth,2023-04-06 22:00:35,2024-04-26 12:39:13.465Z
ChronicleBot,ChronicleBot#0372,2023-06-08 13:46:21,Not boosted yet 
hristopsaro,hristopsaro,2022-11-29 10:40:06,Not boosted yet 
kaulo dikke bakfiets,justin_1314,2024-04-10 12:15:42,Not boosted yet 
Cornaria,_cornaria_,2023-05-22 17:44:18,Not boosted yet 
maj,maj.2,2023-09-27 17:25:22,Not boosted yet 
Poffertjessap959,poffertjessap959,2024-02-25 21:13:24,Not boosted yet 
Sippy,sippy7977,2023-05-30 15:12:05,Not boosted yet 
Mieeeep,mieeeep,2023-09-01 08:26:49,Not boosted yet 
Silence,silence12xd,2024-09-22 18:04:49,Not boosted yet 
Metroid,metroidxhunt,2024-09-18 17:22:03,Not boosted yet 
Pilgrim,pilgrom,2024-07-30 18:56:14,Not boosted yet 
SamuelV,samuelv7085,2020-12-17 11:25:57,Not boosted yet 
Kian,kian.anthony,2022-09-17 09:15:19,Not boosted yet 
GooseOnoob,gooseonoob,2024-09-27 08:46:01,Not boosted yet 
larihopo,larihopo,2023-07-27 16:01:24,Not boosted yet 
Siebne,siebne,2024-10-21 10:28:41,Not boosted yet 
Hub1anko,hub1anko,2023-05-17 13:38:32,Not boosted yet 
Lolm83,lolm83,2024-02-29 09:37:32,Not boosted yet 
lócas,algoteu0000,2024-06-30 20:07:12,Not boosted yet 
okekaj,okekaj,2023-12-12 23:47:33,Not boosted yet 
ThijsMassink,thijsmassink,2022-10-17 13:24:48,Not boosted yet 
nilspeters2001,nilspeters2001,2022-07-08 14:19:25,Not boosted yet 
𓆩 Patii 𓆪,patii0,2024-03-06 23:58:51,Not boosted yet 
Lara,laarvb_98731,2023-12-12 15:37:53,Not boosted yet 
Raf_sikkie,raf_sikkie,2023-12-19 11:29:32,Not boosted yet 
AFatSquirrel,afatsquirrel,2024-05-13 10:07:27,Not boosted yet 
Sooph#04,sooph04,2023-12-08 12:36:13,Not boosted yet 
mikah,doremikah,2024-02-23 10:39:37,Not boosted yet 
Jinx,agent_spaghetti,2024-05-11 14:03:40,Not boosted yet 
plagueVal,plagueval,2023-03-14 21:28:55,Not boosted yet 
wompie,wompie_36697,2024-09-23 12:51:48,Not boosted yet 
Anthrax,anthraxm,2024-04-07 13:02:57,Not boosted yet 
djuks,djuks,2023-10-27 12:47:37,Not boosted yet 
𝓯𝓻𝓮𝓪𝓴𝔂 Chevy_NL,ttk.chaevynn_nl,2023-12-20 11:23:38,Not boosted yet 
thrxevi,thrxevi__,2023-12-19 14:57:32,Not boosted yet 
Espe,espe_be,2021-01-12 17:20:37,Not boosted yet 
Papa G,.papag,2023-09-06 15:43:44,Not boosted yet 
forevamore,.forevamore.,2022-10-12 19:10:51,Not boosted yet 
Inex,inex0903,2023-09-13 11:08:56,Not boosted yet 
trudie,_trudie,2022-10-12 11:24:02,Not boosted yet 
Blue_Moon,erizabesuwu,2023-11-17 11:37:36,Not boosted yet 
lau,lau7410,2021-01-11 17:19:43,Not boosted yet 
fts cooper,ftscooper,2023-01-23 12:37:08,Not boosted yet 
Pampas,y0j0,2023-04-27 05:46:03,Not boosted yet 
Damjanos,damjanos0308,2024-09-02 08:48:53,Not boosted yet 
LukeCoru,lukecoru,2024-07-31 06:49:30,Not boosted yet 
Seba,sebisebas1524,2022-10-12 09:31:49,Not boosted yet 
Luckie,luckie2001,2023-09-15 13:17:36,Not boosted yet 
polara,polarah,2024-02-23 11:18:08,Not boosted yet 
Nova,n0x_the_box,2024-06-23 09:51:15,Not boosted yet 
Dicha,dichaxd,2023-08-11 19:01:26,Not boosted yet 
Viktoriya Atanasova,tori.wav,2022-09-20 15:35:19,Not boosted yet 
Teunvdlaar,teunvdlaar,2022-12-21 11:03:35,Not boosted yet 
Sanpooshy,sanpooshy,2023-05-31 11:23:50,Not boosted yet 
lorenzoo,lorenzoo2977,2021-05-05 23:11:19,Not boosted yet 
YouGetKilledMate,yougetkilledmate,2021-01-04 10:46:02,Not boosted yet 
mucittin,mucittin,2023-09-01 08:24:17,Not boosted yet 
Cheese,sjeese,2023-12-12 18:45:56,Not boosted yet 
Mrbroke,mrbroke534,2023-12-20 11:25:12,Not boosted yet 
ForestFather,forestfather,2023-09-26 11:16:47,Not boosted yet 
Monke,monke4002,2021-01-05 10:52:41,Not boosted yet 
Dennis,dennisrl,2022-10-10 16:33:01,Not boosted yet 
zwizu.,zw4,2023-07-30 17:23:18,Not boosted yet 
Mccenzie,mccenzie,2023-05-24 07:11:17,Not boosted yet 
Jackie_Tsjeng,jackie_tsjeng,2023-01-24 16:10:10,Not boosted yet 
Hyvar,hyvar,2024-11-05 08:33:34,Not boosted yet 
Michaelini,icarusfelldown,2024-07-03 19:28:52,Not boosted yet 
Apoloncho,apoloncho.,2023-03-21 19:38:31,Not boosted yet 
Chriis,chriis04,2022-11-17 14:55:57,Not boosted yet 
I enjoy eating sand occasionally,ienjoyeatingsandoccasionally,2024-09-26 15:54:16,Not boosted yet 
Hawk (Mike),mike05v,2024-05-24 13:58:58,Not boosted yet 
Jelle,jelle_11652,2024-05-23 16:32:59,Not boosted yet 
Jonah_x,jonah_x.,2023-01-20 15:03:40,Not boosted yet 
KrisB,krisb469,2023-09-27 20:45:44,Not boosted yet 
YellowDuck,yellowduc,2024-10-28 12:15:39,Not boosted yet 
Wallnut,wallnutty,2023-06-15 18:43:30,Not boosted yet 
marquemissile,m3rkury,2023-03-24 19:17:38,Not boosted yet 
BG Lied,bglied,2022-05-24 07:06:53,Not boosted yet 
Zoë,zoevl,2021-04-29 20:50:48,Not boosted yet 
Momoto(｀Θ´),momoto_0,2023-04-29 12:50:35,Not boosted yet 
Brion,voetzoeker,2023-10-03 17:16:23,Not boosted yet 
MysticKn,mystickn.,2024-09-27 12:26:39,Not boosted yet 
MVRIK,marik,2024-04-12 21:03:37,Not boosted yet 
carcogames,carcogames,2024-05-24 10:54:21,Not boosted yet 
Wheel of Names,Wheel of Names#7011,2024-10-02 13:15:00,Not boosted yet 
Tommi,tommiavery,2023-01-24 18:11:31,Not boosted yet 
Iceberg,icbrgh,2022-11-29 10:37:02,Not boosted yet 
Misty,mist7_,2024-10-17 13:52:05,Not boosted yet 
Jappie,jappie7669,2021-01-12 09:27:52,Not boosted yet 
Angel_Startove,angel_startove,2024-10-17 18:02:17,Not boosted yet 
[666]SoulCatcher,666soulcatcher,2023-02-08 17:11:56,Not boosted yet 
Sublimion,sublomion,2024-07-26 08:05:26,Not boosted yet 
kano,kanopedia,2020-12-17 11:23:34,Not boosted yet 
Energylight,energylight,2023-02-02 11:57:17,Not boosted yet 
Neil :),infuriatingbaguette,2024-09-23 12:34:16,Not boosted yet 
Rickert,rickert2829,2023-11-23 09:33:02,Not boosted yet 
Chef Shield,semschilt,2024-02-19 13:02:36,Not boosted yet 
dandelion,dand3lion_,2023-12-08 14:00:28,Not boosted yet 
Daangerouz,daangerouz,2022-10-13 10:56:16,Not boosted yet 
Dominator,infdominator,2024-09-19 14:10:13,Not boosted yet 
thomachine,.thomasdekip,2024-05-14 10:34:41,Not boosted yet 
China,china6969,2021-01-12 18:26:44,Not boosted yet 
mathiepro,mathiepro,2024-05-24 09:22:29,Not boosted yet 
YouriYolo,youriyolo,2022-10-18 22:58:12,Not boosted yet 
otf_kogel,otf_kogel,2024-01-09 10:29:39,Not boosted yet 
orsuniy,orsuniy,2024-09-30 14:38:47,Not boosted yet 
LMNTRiX,xlmntrixx,2022-11-17 13:56:33,Not boosted yet 
Eidyia,eidyia_,2023-09-26 09:16:29,Not boosted yet 
FoRTeM_,_fortem_,2023-01-08 20:57:52,Not boosted yet 
IntaJanssen,intajanssen,2020-12-17 11:35:41,Not boosted yet 
Radical,radical5182,2021-01-04 11:35:32,Not boosted yet 
semhooij,semhooij,2023-11-23 09:30:30,Not boosted yet 
Leroy._.,leroy._.,2023-10-31 12:12:26,Not boosted yet 
darkmatter,darkmatter5523,2023-03-09 15:39:17,Not boosted yet 
OneGXpunk,onegxpunk,2022-10-13 10:41:08,Not boosted yet 
reb,rebweka,2022-10-19 14:10:23,Not boosted yet 
k0chaN,k0chan,2023-09-01 08:23:04,Not boosted yet 
Al,nvm.its.allen,2023-07-27 09:54:47,Not boosted yet 
Lolov1,lolov1,2023-05-24 12:34:41,Not boosted yet 
DeDoyleDoyle,doyle1956,2022-04-25 12:21:53,Not boosted yet 
Danny,vndanny,2024-10-16 18:41:31,Not boosted yet 
LucasNekros,lucasnekros,2022-09-05 08:48:25,Not boosted yet 
Goofy,guardians_1,2024-08-08 22:57:06,Not boosted yet 
AllyVA (always/right),alexandrava,2024-09-20 10:11:13,Not boosted yet 
P3rcd,gristoferus,2023-09-08 12:12:37,Not boosted yet 
Dison,koeliechillo,2023-11-07 07:36:13,Not boosted yet 
DYN TheCooperMan,dynthecooperman,2023-07-24 09:03:02,Not boosted yet 
DJbatcat,djbatcat,2023-07-24 21:22:05,Not boosted yet 
BattyCheeks27,seccyboi69,2024-04-02 11:22:51,Not boosted yet 
Junamie,junamie_,2024-10-08 06:15:15,Not boosted yet 
hakan.duplan,hakan.duplan,2021-01-12 14:41:44,Not boosted yet 
ABlueCharacter,abluecharacter,2024-09-30 10:16:29,Not boosted yet 
immacow42,immacow42,2022-11-24 17:45:26,2023-12-12 08:35:27.080Z
nealben,nealben,2023-10-14 18:47:27,Not boosted yet 
Community Guardian,Community Guardian#3721,2023-11-24 19:02:03,Not boosted yet 
Xidrian,xidrian,2022-09-18 11:50:00,Not boosted yet 
Fris,fris39,2023-12-04 11:16:30,2024-04-25 09:38:29.222Z
Stephan,stephanx9716,2024-09-05 20:35:11,Not boosted yet 
ssi,ssiboy,2021-01-05 11:15:27,Not boosted yet 
R.fernando1,r.fernando1,2023-05-16 12:39:17,Not boosted yet 
BlockedFir36657,blockedfir36657,2023-06-22 09:43:32,Not boosted yet 
gamecomputer,gamecomputer,2022-09-16 20:04:19,Not boosted yet 
Yoyo_,yoyogod_,2024-09-17 20:20:19,Not boosted yet 
Cindy,cinniepinnie,2024-10-16 18:41:33,Not boosted yet 
pe60,pe60.,2023-12-29 12:52:06,Not boosted yet 
Ze.🪼,jafork,2023-09-22 16:25:10,Not boosted yet 
Chris,fetabass,2024-09-06 03:21:46,Not boosted yet 
Martian,fafomartian,2024-09-06 08:40:33,Not boosted yet 
bl00dislav,bl00dislav,2023-07-27 10:43:46,Not boosted yet 
cupecakekiller,cupecakekiller,2022-05-13 11:00:58,Not boosted yet 
Jusdrakula,jusdrakula,2021-01-06 11:23:58,Not boosted yet 
Bonbon,annyy,2023-04-25 18:56:23,Not boosted yet 
Elisabeth,elisabeth7979,2022-09-17 09:21:14,Not boosted yet 
Dann0,dann0_,2023-11-10 22:42:21,Not boosted yet 
Falco,bruhmonster,2022-12-15 16:11:49,Not boosted yet 
Sven,svenvuijk,2023-04-21 18:52:03,Not boosted yet 
Daniel,bg_dann0,2024-02-19 07:06:43,Not boosted yet 
Elena,lilly5539,2022-09-20 15:31:20,Not boosted yet 
Nicki,nickiqt,2023-12-10 11:38:33,Not boosted yet 
(!!D3MON!!),d3mon5206,2023-10-31 18:52:33,Not boosted yet 
Cas,cas505,2023-05-17 16:10:15,Not boosted yet 
oh yeah,frog.tm,2024-10-09 09:29:10,Not boosted yet 
FoRTeM_,fortem_8450,2023-01-08 20:57:15,Not boosted yet 
4centai,4centai,2024-09-12 15:03:09,Not boosted yet 
Zoë,zoe048720,2023-12-12 15:44:30,Not boosted yet 
Carmen,carmenadkins,2022-10-06 11:17:37,Not boosted yet 
angie,loveletterforyou.txt.vbs,2024-09-11 21:32:36,Not boosted yet 
tsag1ch,tsag1ch,2022-10-09 12:16:19,Not boosted yet 
donnie95,tails0905,2021-01-12 18:12:18,Not boosted yet 
renske7421,renske7421,2023-12-08 12:36:23,Not boosted yet 
Dd,dominykas0,2022-11-29 10:38:03,Not boosted yet 
Mont,srcem,2024-07-27 19:47:39,Not boosted yet 
D2008,d2008_,2024-09-27 12:05:17,Not boosted yet 
UbeRæüæ [Tony],uberaugh,2022-10-04 11:28:44,Not boosted yet 
Tofu,tofukofu,2022-12-05 16:03:14,Not boosted yet 
Tieskuhh,tieskuhh.,2024-09-27 12:05:49,Not boosted yet 
Dexuan Kong,scyyyyf,2024-08-28 07:59:29,Not boosted yet 
cesar onassis,cesaronassis,2023-04-01 19:05:03,Not boosted yet 
Ozwaldus,ozwaldus,2023-11-09 07:00:17,Not boosted yet 
Andrade,andrade8720,2023-02-13 19:46:09,Not boosted yet 
LilCyclo,lilcyclo,2023-10-03 14:06:57,Not boosted yet 
Mr.Poggy,mr.squusi,2022-10-06 15:56:40,Not boosted yet 
Giel,gielemans22,2023-06-28 20:44:20,Not boosted yet 
Tainted_ivory,janaivorova,2023-10-04 10:17:36,Not boosted yet 
ADMN,admn,2023-01-11 11:50:14,2024-05-06 09:39:55.505Z
Wiliám,vilok_vii,2024-10-09 09:27:09,Not boosted yet 
r1ch,r1ch1134,2023-03-23 12:18:48,Not boosted yet 
Zoeff,zoedebruin,2023-12-05 13:00:24,Not boosted yet 
Genna,mrwoodensheep,2023-11-27 12:16:16,Not boosted yet 
ncollins2210,ncollins2210,2024-07-01 18:12:18,Not boosted yet 
WarrioR-,warriorrcs,2022-10-06 16:11:41,Not boosted yet 
karikyarr,karikyarr,2023-09-01 09:31:53,Not boosted yet 
☭BlobFish☭,blobfish9999,2024-08-30 15:42:05,Not boosted yet 
Rizdi,rizdivdwiel,2024-09-06 20:37:05,Not boosted yet 
YUGO,smailikhappy,2022-10-04 19:40:34,Not boosted yet 
ADMN,admngames,2024-08-29 12:38:33,Not boosted yet 
SavvX,savvx,2022-09-16 17:10:07,2024-10-29 13:09:47.443Z
TiGer199722,tiger199722,2023-05-10 02:55:38,Not boosted yet 
sejecem,sejecem,2021-01-12 11:35:52,Not boosted yet 
